"Index","LandAverageTemperature"
"Jan 1750",3.034
"Feb 1750",3.083
"Mar 1750",5.626
"Apr 1750",8.49
"May 1750",11.573
"Jun 1750",12.937
"Jul 1750",15.868
"Aug 1750",14.75
"Sep 1750",11.413
"Oct 1750",6.367
"Nov 1750",8.12389500156848
"Dec 1750",2.772
"Jan 1751",2.495
"Feb 1751",0.963
"Mar 1751",5.8
"Apr 1751",7.67
"May 1751",9.99051655678771
"Jun 1751",13.827
"Jul 1751",11.6931017436408
"Aug 1751",14.405
"Sep 1751",10.673
"Oct 1751",8.64255200997339
"Nov 1751",8.58238594078748
"Dec 1751",5.55141429743416
"Jan 1752",0.348
"Feb 1752",2.29656866851125
"Mar 1752",5.806
"Apr 1752",8.265
"May 1752",8.99420464180572
"Jun 1752",10.5694154692534
"Jul 1752",9.78077490517972
"Aug 1752",10.4568933477429
"Sep 1752",9.13952529034282
"Oct 1752",7.839
"Nov 1752",7.335
"Dec 1752",5.086
"Jan 1753",2.039
"Feb 1753",0.715
"Mar 1753",5.424
"Apr 1753",8.272
"May 1753",12.186
"Jun 1753",14.585
"Jul 1753",15.092
"Aug 1753",14.148
"Sep 1753",13.322
"Oct 1753",8.962
"Nov 1753",5.353
"Dec 1753",0.559
"Jan 1754",1.574
"Feb 1754",-1.249
"Mar 1754",3.677
"Apr 1754",11.61
"May 1754",11.936
"Jun 1754",14.388
"Jul 1754",14.681
"Aug 1754",13.556
"Sep 1754",11.129
"Oct 1754",9.582
"Nov 1754",6.161
"Dec 1754",4.587
"Jan 1755",1.067
"Feb 1755",-0.108
"Mar 1755",3.607
"Apr 1755",9.263
"May 1755",12.881
"Jun 1755",15.38
"Jul 1755",14.397
"Aug 1755",13.515
"Sep 1755",11.773
"Oct 1755",9.97
"Nov 1755",5.958
"Dec 1755",2.564
"Jan 1756",3.887
"Feb 1756",5.666
"Mar 1756",4.192
"Apr 1756",10.042
"May 1756",14.164
"Jun 1756",14.547
"Jul 1756",13.906
"Aug 1756",13.437
"Sep 1756",12.652
"Oct 1756",7.312
"Nov 1756",4.225
"Dec 1756",2.165
"Jan 1757",-0.276
"Feb 1757",3.704
"Mar 1757",4.529
"Apr 1757",8.246
"May 1757",13.039
"Jun 1757",17.115
"Jul 1757",17.61
"Aug 1757",17.91
"Sep 1757",14.852
"Oct 1757",6.482
"Nov 1757",4.032
"Dec 1757",1.021
"Jan 1758",-1.503
"Feb 1758",0.806
"Mar 1758",3.765
"Apr 1758",7.21
"May 1758",9.715
"Jun 1758",13.139
"Jul 1758",13.847
"Aug 1758",11.818
"Sep 1758",10.028
"Oct 1758",1.894
"Nov 1758",6.955
"Dec 1758",3.249
"Jan 1759",5.014
"Feb 1759",4.082
"Mar 1759",4.52
"Apr 1759",5.983
"May 1759",10.189
"Jun 1759",13.512
"Jul 1759",12.526
"Aug 1759",14.587
"Sep 1759",12.626
"Oct 1759",8.267
"Nov 1759",4.268
"Dec 1759",0.247
"Jan 1760",-0.811
"Feb 1760",2.436
"Mar 1760",1.864
"Apr 1760",7.436
"May 1760",10.661
"Jun 1760",11.945
"Jul 1760",12.887
"Aug 1760",13.917
"Sep 1760",11.197
"Oct 1760",6.701
"Nov 1760",5.436
"Dec 1760",2.553
"Jan 1761",0.6
"Feb 1761",2.735
"Mar 1761",5.976
"Apr 1761",7.321
"May 1761",13.451
"Jun 1761",16.821
"Jul 1761",19.021
"Aug 1761",15.331
"Sep 1761",12.535
"Oct 1761",7.227
"Nov 1761",5.089
"Dec 1761",-0.837
"Jan 1762",6.866
"Feb 1762",4.801
"Mar 1762",3.528
"Apr 1762",9.019
"May 1762",10.881
"Jun 1762",13.499
"Jul 1762",14.72
"Aug 1762",13.992
"Sep 1762",10.326
"Oct 1762",6.156
"Nov 1762",6.367
"Dec 1762",3.123
"Jan 1763",1.369
"Feb 1763",0.771
"Mar 1763",1.576
"Apr 1763",7.871
"May 1763",10.701
"Jun 1763",12.271
"Jul 1763",16.391
"Aug 1763",14.126
"Sep 1763",11.378
"Oct 1763",5.535
"Nov 1763",4.588
"Dec 1763",3.384
"Jan 1764",1.741
"Feb 1764",6.162
"Mar 1764",5.521
"Apr 1764",7.88
"May 1764",11.175
"Jun 1764",11.723
"Jul 1764",12.507
"Aug 1764",12.282
"Sep 1764",10.696
"Oct 1764",10.011
"Nov 1764",5.791
"Dec 1764",5.315
"Jan 1765",3.78
"Feb 1765",3.832
"Mar 1765",6.859
"Apr 1765",9.013
"May 1765",10.734
"Jun 1765",10.833
"Jul 1765",13.953
"Aug 1765",13.12
"Sep 1765",10.993
"Oct 1765",7.904
"Nov 1765",5.603
"Dec 1765",2.399
"Jan 1766",-0.793
"Feb 1766",4.896
"Mar 1766",6.062
"Apr 1766",8.007
"May 1766",11.228
"Jun 1766",13.653
"Jul 1766",13.555
"Aug 1766",13.758
"Sep 1766",12.25
"Oct 1766",8.465
"Nov 1766",7.454
"Dec 1766",2.333
"Jan 1767",-0.643
"Feb 1767",3.932
"Mar 1767",7.022
"Apr 1767",6.278
"May 1767",10.193
"Jun 1767",14.112
"Jul 1767",13.361
"Aug 1767",14.597
"Sep 1767",11.675
"Oct 1767",9.027
"Nov 1767",7.915
"Dec 1767",1.189
"Jan 1768",-2.08
"Feb 1768",0.506
"Mar 1768",2.446
"Apr 1768",6.92
"May 1768",9.066
"Jun 1768",12.49
"Jul 1768",13.875
"Aug 1768",12.352
"Sep 1768",10.824
"Oct 1768",7.729
"Nov 1768",4.581
"Dec 1768",2.667
"Jan 1769",2.305
"Feb 1769",2.164
"Mar 1769",4.57
"Apr 1769",8.967
"May 1769",12.873
"Jun 1769",15.142
"Jul 1769",14.461
"Aug 1769",13.494
"Sep 1769",11.25
"Oct 1769",5.297
"Nov 1769",2.79
"Dec 1769",-0.978
"Jan 1770",1.974
"Feb 1770",4.105
"Mar 1770",1.612
"Apr 1770",9.788
"May 1770",9.996
"Jun 1770",11.884
"Jul 1770",11.621
"Aug 1770",11.413
"Sep 1770",10.724
"Oct 1770",8.661
"Nov 1770",5.791
"Dec 1770",4.734
"Jan 1771",5.101
"Feb 1771",-0.274
"Mar 1771",2.814
"Apr 1771",5.717
"May 1771",9.626
"Jun 1771",14.104
"Jul 1771",13.828
"Aug 1771",14.204
"Sep 1771",11.363
"Oct 1771",10.317
"Nov 1771",4.916
"Dec 1771",2.522
"Jan 1772",1.253
"Feb 1772",1.478
"Mar 1772",3.057
"Apr 1772",8.858
"May 1772",9.531
"Jun 1772",12.647
"Jul 1772",14.581
"Aug 1772",14.098
"Sep 1772",10.303
"Oct 1772",9.268
"Nov 1772",7.736
"Dec 1772",5.512
"Jan 1773",-0.437
"Feb 1773",1.421
"Mar 1773",4.422
"Apr 1773",9.415
"May 1773",12.764
"Jun 1773",12.811
"Jul 1773",14.484
"Aug 1773",13.624
"Sep 1773",12.488
"Oct 1773",9.206
"Nov 1773",3.369
"Dec 1773",5.091
"Jan 1774",-0.325
"Feb 1774",4.914
"Mar 1774",5.643
"Apr 1774",10.153
"May 1774",16.025
"Jun 1774",15.371
"Jul 1774",16.521
"Aug 1774",14.099
"Sep 1774",10.936
"Oct 1774",8.59
"Nov 1774",3.029
"Dec 1774",0.31
"Jan 1775",4.261
"Feb 1775",6.427
"Mar 1775",7.759
"Apr 1775",7.952
"May 1775",11.399
"Jun 1775",12.314
"Jul 1775",14.719
"Aug 1775",14.435
"Sep 1775",11.096
"Oct 1775",10.372
"Nov 1775",8.179
"Dec 1775",1.284
"Jan 1776",-0.806
"Feb 1776",4.825
"Mar 1776",4.652
"Apr 1776",7.44
"May 1776",10.475
"Jun 1776",14.564
"Jul 1776",14.108
"Aug 1776",14.837
"Sep 1776",10.602
"Oct 1776",8.06
"Nov 1776",5.87
"Dec 1776",5.021
"Jan 1777",6.021
"Feb 1777",4.919
"Mar 1777",5.572
"Apr 1777",6.362
"May 1777",11.389
"Jun 1777",12.323
"Jul 1777",12.743
"Aug 1777",12.815
"Sep 1777",11.379
"Oct 1777",6.956
"Nov 1777",5.529
"Dec 1777",3.067
"Jan 1778",2.521
"Feb 1778",6.094
"Mar 1778",4.604
"Apr 1778",10.984
"May 1778",11.286
"Jun 1778",11.731
"Jul 1778",15.037
"Aug 1778",12.869
"Sep 1778",13.377
"Oct 1778",8.049
"Nov 1778",3.854
"Dec 1778",2.101
"Jan 1779",1.47
"Feb 1779",5.14
"Mar 1779",6.967
"Apr 1779",9.965
"May 1779",14.18
"Jun 1779",12.547
"Jul 1779",13.659
"Aug 1779",13.799
"Sep 1779",12.683
"Oct 1779",9.35
"Nov 1779",5.77
"Dec 1779",2.269
"Jan 1780",2.515
"Feb 1780",4.08
"Mar 1780",5.724
"Apr 1780",13.732
"May 1780",15.757
"Jun 1780",14.747
"Jul 1780",16.183
"Aug 1780",12.947
"Sep 1780",8.844
"Oct 1780",9.376
"Nov 1780",6.706
"Dec 1780",2.584
"Jan 1781",2.401
"Feb 1781",2.267
"Mar 1781",4.772
"Apr 1781",6.923
"May 1781",11.102
"Jun 1781",11.678
"Jul 1781",14.285
"Aug 1781",14.141
"Sep 1781",10.304
"Oct 1781",8.547
"Nov 1781",7.523
"Dec 1781",3.288
"Jan 1782",0.341
"Feb 1782",0.639
"Mar 1782",2.565
"Apr 1782",8.618
"May 1782",10.99
"Jun 1782",13.801
"Jul 1782",13.925
"Aug 1782",15.683
"Sep 1782",12.398
"Oct 1782",8.978
"Nov 1782",4.956
"Dec 1782",1.921
"Jan 1783",-1.431
"Feb 1783",5.294
"Mar 1783",4.799
"Apr 1783",8.574
"May 1783",11.819
"Jun 1783",14.34
"Jul 1783",13.069
"Aug 1783",13.971
"Sep 1783",9.958
"Oct 1783",7.357
"Nov 1783",2.196
"Dec 1783",2.224
"Jan 1784",2.596
"Feb 1784",0.989
"Mar 1784",3.919
"Apr 1784",8.142
"May 1784",10.013
"Jun 1784",12.803
"Jul 1784",14.947
"Aug 1784",15.861
"Sep 1784",10.266
"Oct 1784",6.836
"Nov 1784",4.557
"Dec 1784",3.415
"Jan 1785",0.865
"Feb 1785",1.045
"Mar 1785",2.289
"Apr 1785",6.379
"May 1785",9.853
"Jun 1785",13.744
"Jul 1785",14.468
"Aug 1785",14.466
"Sep 1785",10.497
"Oct 1785",7.351
"Nov 1785",5.526
"Dec 1785",1.873
"Jan 1786",0.763
"Feb 1786",2.657
"Mar 1786",5.648
"Apr 1786",9.318
"May 1786",11.583
"Jun 1786",13.035
"Jul 1786",15.294
"Aug 1786",14.455
"Sep 1786",12.158
"Oct 1786",7.712
"Nov 1786",5.741
"Dec 1786",0.734
"Jan 1787",2.845
"Feb 1787",2.563
"Mar 1787",4.698
"Apr 1787",7.772
"May 1787",11.403
"Jun 1787",14.369
"Jul 1787",13.451
"Aug 1787",13.555
"Sep 1787",10.357
"Oct 1787",7.772
"Nov 1787",5.801
"Dec 1787",1.796
"Jan 1788",0.735
"Feb 1788",3.581
"Mar 1788",5.336
"Apr 1788",8.714
"May 1788",10.428
"Jun 1788",13.808
"Jul 1788",16.468
"Aug 1788",13.885
"Sep 1788",11.699
"Oct 1788",9.349
"Nov 1788",6.111
"Dec 1788",1.252
"Jan 1789",3.706
"Feb 1789",1.675
"Mar 1789",3.989
"Apr 1789",7.694
"May 1789",11.666
"Jun 1789",13.507
"Jul 1789",15.462
"Aug 1789",13.84
"Sep 1789",12.018
"Oct 1789",7.39
"Nov 1789",5.964
"Dec 1789",3.099
"Jan 1790",2.444
"Feb 1790",2.973
"Mar 1790",4.582
"Apr 1790",6.053
"May 1790",10.357
"Jun 1790",13.746
"Jul 1790",13.812
"Aug 1790",13.925
"Sep 1790",11.233
"Oct 1790",8.577
"Nov 1790",5.331
"Dec 1790",2.755
"Jan 1791",1.493
"Feb 1791",3.466
"Mar 1791",4.79
"Apr 1791",9.127
"May 1791",9.859
"Jun 1791",13.231
"Jul 1791",13.612
"Aug 1791",13.744
"Sep 1791",11.677
"Oct 1791",8.08
"Nov 1791",6.206
"Dec 1791",3.526
"Jan 1792",0.348
"Feb 1792",3.62
"Mar 1792",4.429
"Apr 1792",7.994
"May 1792",11.321
"Jun 1792",13.581
"Jul 1792",14.212
"Aug 1792",12.281
"Sep 1792",12.491
"Oct 1792",8.097
"Nov 1792",5.306
"Dec 1792",3.388
"Jan 1793",0.521
"Feb 1793",4.745
"Mar 1793",5.042
"Apr 1793",8.643
"May 1793",11.059
"Jun 1793",13.146
"Jul 1793",14.336
"Aug 1793",13.16
"Sep 1793",12.002
"Oct 1793",8.393
"Nov 1793",5.666
"Dec 1793",2.037
"Jan 1794",3.71
"Feb 1794",3.605
"Mar 1794",5.696
"Apr 1794",9.367
"May 1794",12.376
"Jun 1794",11.994
"Jul 1794",12.874
"Aug 1794",13.484
"Sep 1794",11.896
"Oct 1794",9.108
"Nov 1794",5.284
"Dec 1794",2.918
"Jan 1795",2.731
"Feb 1795",4.39
"Mar 1795",5.709
"Apr 1795",8.918
"May 1795",11.029
"Jun 1795",13.293
"Jul 1795",14.295
"Aug 1795",13.14
"Sep 1795",11.133
"Oct 1795",7.786
"Nov 1795",5.207
"Dec 1795",2.573
"Jan 1796",2.844
"Feb 1796",2.736
"Mar 1796",3.477
"Apr 1796",7.773
"May 1796",11.273
"Jun 1796",14.216
"Jul 1796",14.314
"Aug 1796",14.722
"Sep 1796",12.012
"Oct 1796",8.924
"Nov 1796",5.702
"Dec 1796",1.259
"Jan 1797",4.396
"Feb 1797",4.957
"Mar 1797",4.056
"Apr 1797",6.6
"May 1797",10.417
"Jun 1797",13.852
"Jul 1797",14.107
"Aug 1797",14.04
"Sep 1797",12.459
"Oct 1797",9.191
"Nov 1797",4.777
"Dec 1797",3.275
"Jan 1798",2.679
"Feb 1798",3.213
"Mar 1798",7.008
"Apr 1798",8.083
"May 1798",11.769
"Jun 1798",13.246
"Jul 1798",14.951
"Aug 1798",14.754
"Sep 1798",11.627
"Oct 1798",8.655
"Nov 1798",6.031
"Dec 1798",2.027
"Jan 1799",1.923
"Feb 1799",2.078
"Mar 1799",3.986
"Apr 1799",8.786
"May 1799",11.353
"Jun 1799",13.68
"Jul 1799",14.869
"Aug 1799",14.086
"Sep 1799",12.311
"Oct 1799",9.606
"Nov 1799",5.904
"Dec 1799",3.487
"Jan 1800",2.815
"Feb 1800",3.634
"Mar 1800",4.452
"Apr 1800",9.125
"May 1800",11.097
"Jun 1800",13.606
"Jul 1800",13.763
"Aug 1800",13.619
"Sep 1800",10.795
"Oct 1800",9.469
"Nov 1800",5.572
"Dec 1800",3.864
"Jan 1801",2.687
"Feb 1801",3.149
"Mar 1801",6.455
"Apr 1801",7.404
"May 1801",12.123
"Jun 1801",12.536
"Jul 1801",14.676
"Aug 1801",13.187
"Sep 1801",11.462
"Oct 1801",9.099
"Nov 1801",5.72
"Dec 1801",4.578
"Jan 1802",3.74
"Feb 1802",2.828
"Mar 1802",5.201
"Apr 1802",7.623
"May 1802",10.457
"Jun 1802",14.471
"Jul 1802",14.628
"Aug 1802",14.039
"Sep 1802",11.788
"Oct 1802",9.747
"Nov 1802",5.535
"Dec 1802",2.881
"Jan 1803",0.602
"Feb 1803",1.443
"Mar 1803",4.875
"Apr 1803",9.291
"May 1803",11.795
"Jun 1803",13.821
"Jul 1803",15.106
"Aug 1803",15.366
"Sep 1803",12.33
"Oct 1803",9.119
"Nov 1803",5.961
"Dec 1803",2.327
"Jan 1804",2.445
"Feb 1804",1.939
"Mar 1804",4.425
"Apr 1804",10.057
"May 1804",12.107
"Jun 1804",13.774
"Jul 1804",15.774
"Aug 1804",14.511
"Sep 1804",12.468
"Oct 1804",9.282
"Nov 1804",7.132
"Dec 1804",2.224
"Jan 1805",2.822
"Feb 1805",2.557
"Mar 1805",5.76
"Apr 1805",8.123
"May 1805",11.104
"Jun 1805",14.027
"Jul 1805",14.702
"Aug 1805",15.27
"Sep 1805",12.039
"Oct 1805",7.636
"Nov 1805",4.555
"Dec 1805",4.158
"Jan 1806",2.917
"Feb 1806",2.937
"Mar 1806",4.691
"Apr 1806",8.032
"May 1806",11.503
"Jun 1806",12.418
"Jul 1806",13.923
"Aug 1806",14.593
"Sep 1806",12.549
"Oct 1806",8.426
"Nov 1806",5.231
"Dec 1806",3.989
"Jan 1807",1.055
"Feb 1807",4.094
"Mar 1807",4.788
"Apr 1807",6.971
"May 1807",9.331
"Jun 1807",13.293
"Jul 1807",14.138
"Aug 1807",13.799
"Sep 1807",12.615
"Oct 1807",8.857
"Nov 1807",6.015
"Dec 1807",4.421
"Jan 1808",1.131
"Feb 1808",2.142
"Mar 1808",4.361
"Apr 1808",7.482
"May 1808",9.357
"Jun 1808",13.429
"Jul 1808",14.491
"Aug 1808",13.047
"Sep 1808",12.711
"Oct 1808",7.972
"Nov 1808",4.512
"Dec 1808",0.887
"Jan 1809",0.208
"Feb 1809",0.856
"Mar 1809",3.425
"Apr 1809",7.833
"May 1809",9.243
"Jun 1809",12.998
"Jul 1809",12.656
"Aug 1809",12.905
"Sep 1809",10.967
"Oct 1809",8.65
"Nov 1809",3.099
"Dec 1809",2.077
"Jan 1810",0.888
"Feb 1810",2.391
"Mar 1810",5.014
"Apr 1810",6.533
"May 1810",9.069
"Jun 1810",11.934
"Jul 1810",12.551
"Aug 1810",12.041
"Sep 1810",9.532
"Oct 1810",6.632
"Nov 1810",3.827
"Dec 1810",2.66
"Jan 1811",1.374
"Feb 1811",0.45
"Mar 1811",3.701
"Apr 1811",6.302
"May 1811",9.443
"Jun 1811",12.137
"Jul 1811",11.956
"Aug 1811",13.326
"Sep 1811",10.368
"Oct 1811",6.58
"Nov 1811",3.503
"Dec 1811",3.174
"Jan 1812",0.977
"Feb 1812",0.131
"Mar 1812",2.044
"Apr 1812",6.95
"May 1812",9.58
"Jun 1812",12.005
"Jul 1812",14.355
"Aug 1812",15.018
"Sep 1812",10.185
"Oct 1812",7.593
"Nov 1812",4.369
"Dec 1812",1.348
"Jan 1813",-1.385
"Feb 1813",2.258
"Mar 1813",1.596
"Apr 1813",8.182
"May 1813",11.367
"Jun 1813",13.242
"Jul 1813",14.521
"Aug 1813",13.097
"Sep 1813",12.339
"Oct 1813",8.666
"Nov 1813",6.825
"Dec 1813",2.171
"Jan 1814",1.502
"Feb 1814",1.689
"Mar 1814",2.664
"Apr 1814",7.193
"May 1814",9.417
"Jun 1814",12.818
"Jul 1814",12.532
"Aug 1814",12.668
"Sep 1814",10.676
"Oct 1814",7.374
"Nov 1814",6.739
"Dec 1814",5.829
"Jan 1815",2.051
"Feb 1815",2.273
"Mar 1815",3.663
"Apr 1815",6.588
"May 1815",9.845
"Jun 1815",11.162
"Jul 1815",14.394
"Aug 1815",13.209
"Sep 1815",11.151
"Oct 1815",7.137
"Nov 1815",4.178
"Dec 1815",1.221
"Jan 1816",2.737
"Feb 1816",0.676
"Mar 1816",3.905
"Apr 1816",7.606
"May 1816",10.594
"Jun 1816",11.79
"Jul 1816",12.267
"Aug 1816",12.57
"Sep 1816",10.39
"Oct 1816",5.699
"Nov 1816",4.058
"Dec 1816",0.958
"Jan 1817",1.54
"Feb 1817",3.649
"Mar 1817",4.569
"Apr 1817",7.889
"May 1817",9.476
"Jun 1817",11.287
"Jul 1817",12.072
"Aug 1817",13.403
"Sep 1817",8.812
"Oct 1817",6.203
"Nov 1817",4.638
"Dec 1817",0.17
"Jan 1818",1.204
"Feb 1818",0.755
"Mar 1818",5.565
"Apr 1818",9.901
"May 1818",11.247
"Jun 1818",13.825
"Jul 1818",13.51
"Aug 1818",13.166
"Sep 1818",10.578
"Oct 1818",6.654
"Nov 1818",5.035
"Dec 1818",2.507
"Jan 1819",1.014
"Feb 1819",2.286
"Mar 1819",2.931
"Apr 1819",7.029
"May 1819",9.851
"Jun 1819",12.526
"Jul 1819",13.038
"Aug 1819",12.557
"Sep 1819",10.894
"Oct 1819",9.312
"Nov 1819",5.15
"Dec 1819",1.842
"Jan 1820",1.236
"Feb 1820",2.145
"Mar 1820",4.618
"Apr 1820",8.7
"May 1820",11.62
"Jun 1820",13.323
"Jul 1820",13.311
"Aug 1820",11.978
"Sep 1820",11.16
"Oct 1820",7.588
"Nov 1820",4.443
"Dec 1820",1.273
"Jan 1821",2.999
"Feb 1821",3.758
"Mar 1821",5.462
"Apr 1821",7.739
"May 1821",11.3
"Jun 1821",12.608
"Jul 1821",13.039
"Aug 1821",13.145
"Sep 1821",10.178
"Oct 1821",8.535
"Nov 1821",5.601
"Dec 1821",2.717
"Jan 1822",2.759
"Feb 1822",4.465
"Mar 1822",7.787
"Apr 1822",8.278
"May 1822",10.486
"Jun 1822",13.067
"Jul 1822",14.212
"Aug 1822",13.215
"Sep 1822",10.695
"Oct 1822",7.774
"Nov 1822",4.501
"Dec 1822",1.021
"Jan 1823",1.758
"Feb 1823",1.966
"Mar 1823",5.068
"Apr 1823",7.665
"May 1823",10.563
"Jun 1823",13.958
"Jul 1823",14.197
"Aug 1823",13.13
"Sep 1823",10.198
"Oct 1823",7.642
"Nov 1823",4.508
"Dec 1823",1.971
"Jan 1824",2.651
"Feb 1824",2.679
"Mar 1824",5.357
"Apr 1824",8.375
"May 1824",11.132
"Jun 1824",13.427
"Jul 1824",14.83
"Aug 1824",13.437
"Sep 1824",11.528
"Oct 1824",8.197
"Nov 1824",5.877
"Dec 1824",5.076
"Jan 1825",3.213
"Feb 1825",3.092
"Mar 1825",5.365
"Apr 1825",8.988
"May 1825",10.751
"Jun 1825",13.765
"Jul 1825",14.007
"Aug 1825",13.269
"Sep 1825",11.148
"Oct 1825",7.979
"Nov 1825",6.058
"Dec 1825",3.037
"Jan 1826",1.893
"Feb 1826",1.533
"Mar 1826",4.888
"Apr 1826",8.403
"May 1826",11.804
"Jun 1826",13.02
"Jul 1826",14.482
"Aug 1826",13.109
"Sep 1826",11.178
"Oct 1826",8.459
"Nov 1826",6.634
"Dec 1826",4.876
"Jan 1827",3.593
"Feb 1827",4.415
"Mar 1827",6.141
"Apr 1827",9.429
"May 1827",11.807
"Jun 1827",13.548
"Jul 1827",14.684
"Aug 1827",13.694
"Sep 1827",10.883
"Oct 1827",8.51
"Nov 1827",6.279
"Dec 1827",2.722
"Jan 1828",0.595
"Feb 1828",1.853
"Mar 1828",5.729
"Apr 1828",8.737
"May 1828",11.281
"Jun 1828",14.124
"Jul 1828",14.384
"Aug 1828",13.635
"Sep 1828",10.08
"Oct 1828",8.656
"Nov 1828",5.957
"Dec 1828",2.953
"Jan 1829",2.032
"Feb 1829",1.715
"Mar 1829",5.061
"Apr 1829",7.815
"May 1829",11.336
"Jun 1829",12.86
"Jul 1829",14.225
"Aug 1829",13.399
"Sep 1829",10.598
"Oct 1829",8.806
"Nov 1829",5.003
"Dec 1829",2.452
"Jan 1830",2.957
"Feb 1830",4.085
"Mar 1830",4.454
"Apr 1830",8.841
"May 1830",10.202
"Jun 1830",12.827
"Jul 1830",14.942
"Aug 1830",13.386
"Sep 1830",10.54
"Oct 1830",7.993
"Nov 1830",7.493
"Dec 1830",4.481
"Jan 1831",2.182
"Feb 1831",2.479
"Mar 1831",4.558
"Apr 1831",7.731
"May 1831",10.994
"Jun 1831",13.203
"Jul 1831",13.58
"Aug 1831",12.49
"Sep 1831",9.946
"Oct 1831",7.83
"Nov 1831",4.412
"Dec 1831",2.265
"Jan 1832",1.717
"Feb 1832",1.833
"Mar 1832",4.65
"Apr 1832",8.059
"May 1832",10.489
"Jun 1832",12.857
"Jul 1832",13.727
"Aug 1832",11.966
"Sep 1832",10.426
"Oct 1832",8.634
"Nov 1832",4.262
"Dec 1832",0.782
"Jan 1833",2.006
"Feb 1833",2.815
"Mar 1833",4.521
"Apr 1833",7.869
"May 1833",10.581
"Jun 1833",13.049
"Jul 1833",13.803
"Aug 1833",13.222
"Sep 1833",11.236
"Oct 1833",7.9
"Nov 1833",6.596
"Dec 1833",2.558
"Jan 1834",0.334
"Feb 1834",2.329
"Mar 1834",5.736
"Apr 1834",8.085
"May 1834",11.234
"Jun 1834",12.799
"Jul 1834",14.197
"Aug 1834",13.412
"Sep 1834",11.571
"Oct 1834",8.617
"Nov 1834",6.355
"Dec 1834",3.092
"Jan 1835",2.551
"Feb 1835",2.967
"Mar 1835",4.507
"Apr 1835",7.769
"May 1835",10.171
"Jun 1835",12.007
"Jul 1835",13.129
"Aug 1835",12.322
"Sep 1835",9.942
"Oct 1835",7.835
"Nov 1835",4.312
"Dec 1835",1.198
"Jan 1836",1.67
"Feb 1836",2.371
"Mar 1836",5.448
"Apr 1836",7.315
"May 1836",10.279
"Jun 1836",12.549
"Jul 1836",13.646
"Aug 1836",12.83
"Sep 1836",10.812
"Oct 1836",8.756
"Nov 1836",3.814
"Dec 1836",2.86
"Jan 1837",1.94
"Feb 1837",2.619
"Mar 1837",3.865
"Apr 1837",6.556
"May 1837",9.973
"Jun 1837",12.099
"Jul 1837",13.526
"Aug 1837",13.018
"Sep 1837",10.805
"Oct 1837",7.653
"Nov 1837",4.169
"Dec 1837",2.285
"Jan 1838",-0.557
"Feb 1838",1.563
"Mar 1838",3.723
"Apr 1838",7.383
"May 1838",9.985
"Jun 1838",12.742
"Jul 1838",14.367
"Aug 1838",13.568
"Sep 1838",11.106
"Oct 1838",8.526
"Nov 1838",5.16
"Dec 1838",2.613
"Jan 1839",2.156
"Feb 1839",3.482
"Mar 1839",2.673
"Apr 1839",7.892
"May 1839",10.289
"Jun 1839",12.548
"Jul 1839",14.411
"Aug 1839",14.07
"Sep 1839",10.853
"Oct 1839",8.219
"Nov 1839",3.92
"Dec 1839",1.074
"Jan 1840",2.561
"Feb 1840",2.102
"Mar 1840",4.04
"Apr 1840",7.943
"May 1840",11.173
"Jun 1840",13.411
"Jul 1840",14.714
"Aug 1840",13.086
"Sep 1840",11.01
"Oct 1840",7.505
"Nov 1840",4.101
"Dec 1840",1.909
"Jan 1841",0.649
"Feb 1841",2.468
"Mar 1841",3.307
"Apr 1841",6.77
"May 1841",10.764
"Jun 1841",13.062
"Jul 1841",14.552
"Aug 1841",13.708
"Sep 1841",10.921
"Oct 1841",8.765
"Nov 1841",4.744
"Dec 1841",2.548
"Jan 1842",1.636
"Feb 1842",2.787
"Mar 1842",5.75
"Apr 1842",8.31
"May 1842",10.535
"Jun 1842",12.629
"Jul 1842",13.584
"Aug 1842",13.241
"Sep 1842",10.94
"Oct 1842",8.307
"Nov 1842",4.824
"Dec 1842",3.73
"Jan 1843",2.974
"Feb 1843",3.92
"Mar 1843",4.744
"Apr 1843",7.83
"May 1843",10.04
"Jun 1843",12.53
"Jul 1843",13.991
"Aug 1843",13.295
"Sep 1843",11.326
"Oct 1843",8.722
"Nov 1843",4.947
"Dec 1843",3.765
"Jan 1844",1.868
"Feb 1844",2.038
"Mar 1844",4.734
"Apr 1844",7.389
"May 1844",10.109
"Jun 1844",12.84
"Jul 1844",13.921
"Aug 1844",13.046
"Sep 1844",10.819
"Oct 1844",8.7
"Nov 1844",4.401
"Dec 1844",1.891
"Jan 1845",2.661
"Feb 1845",1.627
"Mar 1845",4.651
"Apr 1845",8.158
"May 1845",10.433
"Jun 1845",12.863
"Jul 1845",14.319
"Aug 1845",13.556
"Sep 1845",11.234
"Oct 1845",7.782
"Nov 1845",5.194
"Dec 1845",1.736
"Jan 1846",3.213
"Feb 1846",3.376
"Mar 1846",6.314
"Apr 1846",7.473
"May 1846",10.896
"Jun 1846",13.53
"Jul 1846",14.923
"Aug 1846",14.121
"Sep 1846",11.738
"Oct 1846",8.229
"Nov 1846",5.044
"Dec 1846",3.776
"Jan 1847",2.753
"Feb 1847",3.602
"Mar 1847",4.046
"Apr 1847",7.98
"May 1847",10.622
"Jun 1847",12.828
"Jul 1847",14.25
"Aug 1847",13.414
"Sep 1847",11.619
"Oct 1847",8.618
"Nov 1847",5.574
"Dec 1847",1.726
"Jan 1848",0.51
"Feb 1848",3.726
"Mar 1848",4.806
"Apr 1848",8.11
"May 1848",10.58
"Jun 1848",13.247
"Jul 1848",14.466
"Aug 1848",13.268
"Sep 1848",10.997
"Oct 1848",8.655
"Nov 1848",5.29
"Dec 1848",2.099
"Jan 1849",1.941
"Feb 1849",2.638
"Mar 1849",5.302
"Apr 1849",7.028
"May 1849",10.159
"Jun 1849",13
"Jul 1849",14.458
"Aug 1849",13.603
"Sep 1849",11.093
"Oct 1849",8.89
"Nov 1849",5.778
"Dec 1849",1.923
"Jan 1850",0.749
"Feb 1850",3.071
"Mar 1850",4.954
"Apr 1850",7.217
"May 1850",10.004
"Jun 1850",13.15
"Jul 1850",14.492
"Aug 1850",14.039
"Sep 1850",11.505
"Oct 1850",8.091
"Nov 1850",4.733
"Dec 1850",2.803
"Jan 1851",2.431
"Feb 1851",2.508
"Mar 1851",4.192
"Apr 1851",7.287
"May 1851",11.113
"Jun 1851",13.418
"Jul 1851",14.531
"Aug 1851",13.751
"Sep 1851",11.677
"Oct 1851",9.122
"Nov 1851",4.973
"Dec 1851",3.14
"Jan 1852",2.376
"Feb 1852",2.54
"Mar 1852",3.884
"Apr 1852",7.487
"May 1852",11.169
"Jun 1852",13.164
"Jul 1852",14.512
"Aug 1852",13.304
"Sep 1852",11.478
"Oct 1852",8.91
"Nov 1852",4.593
"Dec 1852",3.785
"Jan 1853",1.786
"Feb 1853",2.228
"Mar 1853",4.078
"Apr 1853",7.541
"May 1853",10.975
"Jun 1853",13.41
"Jul 1853",14.645
"Aug 1853",13.953
"Sep 1853",11.71
"Oct 1853",8.535
"Nov 1853",4.783
"Dec 1853",2.858
"Jan 1854",1.281
"Feb 1854",1.941
"Mar 1854",4.698
"Apr 1854",7.622
"May 1854",11.095
"Jun 1854",12.829
"Jul 1854",14.692
"Aug 1854",13.889
"Sep 1854",11.514
"Oct 1854",9.763
"Nov 1854",5.745
"Dec 1854",3.457
"Jan 1855",2.522
"Feb 1855",2.982
"Mar 1855",4.617
"Apr 1855",8.58
"May 1855",11.186
"Jun 1855",12.984
"Jul 1855",13.926
"Aug 1855",13.547
"Sep 1855",11.141
"Oct 1855",8.444
"Nov 1855",5.186
"Dec 1855",2.214
"Jan 1856",2.76
"Feb 1856",2.226
"Mar 1856",4.372
"Apr 1856",7.751
"May 1856",10.53
"Jun 1856",13.496
"Jul 1856",14.019
"Aug 1856",13.021
"Sep 1856",10.948
"Oct 1856",8.087
"Nov 1856",5.36
"Dec 1856",3.381
"Jan 1857",1.821
"Feb 1857",2.481
"Mar 1857",4.312
"Apr 1857",6.827
"May 1857",9.885
"Jun 1857",12.611
"Jul 1857",13.953
"Aug 1857",13.203
"Sep 1857",11.056
"Oct 1857",8.198
"Nov 1857",5.236
"Dec 1857",3.515
"Jan 1858",2.739
"Feb 1858",2.284
"Mar 1858",4.834
"Apr 1858",8.25
"May 1858",10.851
"Jun 1858",12.956
"Jul 1858",13.677
"Aug 1858",13.22
"Sep 1858",11.148
"Oct 1858",8.81
"Nov 1858",5.99
"Dec 1858",2.444
"Jan 1859",2.015
"Feb 1859",2.611
"Mar 1859",5.023
"Apr 1859",8.542
"May 1859",11.456
"Jun 1859",13.142
"Jul 1859",13.827
"Aug 1859",13.217
"Sep 1859",11.08
"Oct 1859",8.834
"Nov 1859",5.912
"Dec 1859",3.365
"Jan 1860",2.077
"Feb 1860",2.632
"Mar 1860",3.494
"Apr 1860",7.76
"May 1860",11.062
"Jun 1860",13.272
"Jul 1860",14.203
"Aug 1860",13.765
"Sep 1860",11.892
"Oct 1860",8.712
"Nov 1860",5.027
"Dec 1860",1.634
"Jan 1861",0.404
"Feb 1861",2.137
"Mar 1861",4.489
"Apr 1861",7.487
"May 1861",10.516
"Jun 1861",13.017
"Jul 1861",13.967
"Aug 1861",13.656
"Sep 1861",11.409
"Oct 1861",8.475
"Nov 1861",5.707
"Dec 1861",2.894
"Jan 1862",0.685
"Feb 1862",1.769
"Mar 1862",4.485
"Apr 1862",7.323
"May 1862",10.739
"Jun 1862",12.86
"Jul 1862",13.928
"Aug 1862",13.188
"Sep 1862",11.028
"Oct 1862",8.283
"Nov 1862",4.792
"Dec 1862",1.623
"Jan 1863",3.034
"Feb 1863",3.253
"Mar 1863",4.682
"Apr 1863",7.931
"May 1863",11.081
"Jun 1863",12.794
"Jul 1863",13.765
"Aug 1863",13.294
"Sep 1863",11.23
"Oct 1863",8.235
"Nov 1863",5.392
"Dec 1863",2.651
"Jan 1864",1.551
"Feb 1864",2.506
"Mar 1864",4.651
"Apr 1864",7.515
"May 1864",10.956
"Jun 1864",13.365
"Jul 1864",14.162
"Aug 1864",13.434
"Sep 1864",11.37
"Oct 1864",8.795
"Nov 1864",5.232
"Dec 1864",2.266
"Jan 1865",2.975
"Feb 1865",2.152
"Mar 1865",4.039
"Apr 1865",7.314
"May 1865",10.917
"Jun 1865",13.214
"Jul 1865",14.22
"Aug 1865",13.58
"Sep 1865",11.797
"Oct 1865",9.136
"Nov 1865",6.144
"Dec 1865",2.646
"Jan 1866",2.932
"Feb 1866",2.274
"Mar 1866",4.421
"Apr 1866",7.914
"May 1866",10.898
"Jun 1866",12.853
"Jul 1866",14.602
"Aug 1866",13.532
"Sep 1866",11.527
"Oct 1866",8.506
"Nov 1866",5.895
"Dec 1866",4.152
"Jan 1867",2.482
"Feb 1867",2.664
"Mar 1867",4.454
"Apr 1867",8.258
"May 1867",10.495
"Jun 1867",13.303
"Jul 1867",14.223
"Aug 1867",13.506
"Sep 1867",11.763
"Oct 1867",9.212
"Nov 1867",6.939
"Dec 1867",3.937
"Jan 1868",1.834
"Feb 1868",2.039
"Mar 1868",4.538
"Apr 1868",8.183
"May 1868",11.308
"Jun 1868",13.162
"Jul 1868",14.514
"Aug 1868",13.744
"Sep 1868",11.669
"Oct 1868",9.448
"Nov 1868",5.192
"Dec 1868",3.344
"Jan 1869",2.115
"Feb 1869",3.864
"Mar 1869",4.374
"Apr 1869",7.921
"May 1869",11.295
"Jun 1869",13.537
"Jul 1869",14.337
"Aug 1869",14.01
"Sep 1869",12.247
"Oct 1869",9.006
"Nov 1869",5.773
"Dec 1869",2.706
"Jan 1870",2.082
"Feb 1870",2.134
"Mar 1870",4.656
"Apr 1870",7.879
"May 1870",11.339
"Jun 1870",13.653
"Jul 1870",14.599
"Aug 1870",13.484
"Sep 1870",11.952
"Oct 1870",8.81
"Nov 1870",5.6
"Dec 1870",2.228
"Jan 1871",1.447
"Feb 1871",1.736
"Mar 1871",4.685
"Apr 1871",8.34
"May 1871",10.788
"Jun 1871",13.08
"Jul 1871",14.29
"Aug 1871",13.932
"Sep 1871",11.711
"Oct 1871",9.096
"Nov 1871",5.113
"Dec 1871",3.163
"Jan 1872",1.652
"Feb 1872",2.35
"Mar 1872",4.922
"Apr 1872",7.846
"May 1872",11.198
"Jun 1872",13.055
"Jul 1872",14.285
"Aug 1872",13.821
"Sep 1872",11.958
"Oct 1872",9.24
"Nov 1872",5.372
"Dec 1872",2.627
"Jan 1873",2.013
"Feb 1873",3.195
"Mar 1873",4.704
"Apr 1873",7.462
"May 1873",11.006
"Jun 1873",13.405
"Jul 1873",14.287
"Aug 1873",13.755
"Sep 1873",11.487
"Oct 1873",9.234
"Nov 1873",5.819
"Dec 1873",3.846
"Jan 1874",2.685
"Feb 1874",3.069
"Mar 1874",4.221
"Apr 1874",8.231
"May 1874",11.306
"Jun 1874",13.306
"Jul 1874",14.122
"Aug 1874",13.815
"Sep 1874",12.111
"Oct 1874",9.12
"Nov 1874",5.809
"Dec 1874",3.407
"Jan 1875",1.533
"Feb 1875",2.259
"Mar 1875",4.256
"Apr 1875",7.636
"May 1875",10.746
"Jun 1875",13.157
"Jul 1875",14.144
"Aug 1875",13.401
"Sep 1875",11.319
"Oct 1875",8.585
"Nov 1875",4.614
"Dec 1875",2.665
"Jan 1876",1.856
"Feb 1876",2.617
"Mar 1876",4.748
"Apr 1876",8.199
"May 1876",10.69
"Jun 1876",13.131
"Jul 1876",14.319
"Aug 1876",13.481
"Sep 1876",11.687
"Oct 1876",8.946
"Nov 1876",5.093
"Dec 1876",2.194
"Jan 1877",2.286
"Feb 1877",2.928
"Mar 1877",5.297
"Apr 1877",8.039
"May 1877",11.056
"Jun 1877",13.384
"Jul 1877",14.642
"Aug 1877",14.151
"Sep 1877",12.075
"Oct 1877",9.273
"Nov 1877",6.348
"Dec 1877",2.996
"Jan 1878",2.017
"Feb 1878",3.728
"Mar 1878",6.608
"Apr 1878",8.899
"May 1878",11.017
"Jun 1878",13.796
"Jul 1878",14.742
"Aug 1878",14.094
"Sep 1878",12.093
"Oct 1878",9.173
"Nov 1878",6.446
"Dec 1878",3.344
"Jan 1879",2.303
"Feb 1879",2.737
"Mar 1879",4.924
"Apr 1879",7.768
"May 1879",10.803
"Jun 1879",13.23
"Jul 1879",14.238
"Aug 1879",13.245
"Sep 1879",11.449
"Oct 1879",9.229
"Nov 1879",5.526
"Dec 1879",2.538
"Jan 1880",1.755
"Feb 1880",2.052
"Mar 1880",4.63
"Apr 1880",7.559
"May 1880",11.096
"Jun 1880",13.327
"Jul 1880",14.141
"Aug 1880",13.807
"Sep 1880",11.386
"Oct 1880",8.673
"Nov 1880",5.893
"Dec 1880",3.106
"Jan 1881",2.461
"Feb 1881",2.626
"Mar 1881",5.01
"Apr 1881",8.323
"May 1881",11.165
"Jun 1881",12.745
"Jul 1881",14.203
"Aug 1881",13.71
"Sep 1881",11.689
"Oct 1881",8.851
"Nov 1881",5.272
"Dec 1881",3.196
"Jan 1882",2.99
"Feb 1882",3.231
"Mar 1882",5.04
"Apr 1882",7.691
"May 1882",10.888
"Jun 1882",12.805
"Jul 1882",13.747
"Aug 1882",13.703
"Sep 1882",11.736
"Oct 1882",8.445
"Nov 1882",5.066
"Dec 1882",2.205
"Jan 1883",1.46
"Feb 1883",1.856
"Mar 1883",4.929
"Apr 1883",7.691
"May 1883",10.832
"Jun 1883",13.302
"Jul 1883",14.011
"Aug 1883",13.224
"Sep 1883",11.343
"Oct 1883",8.909
"Nov 1883",4.905
"Dec 1883",3.261
"Jan 1884",2.12
"Feb 1884",2.474
"Mar 1884",3.892
"Apr 1884",7.186
"May 1884",10.198
"Jun 1884",12.527
"Jul 1884",13.622
"Aug 1884",13.257
"Sep 1884",11.235
"Oct 1884",8.581
"Nov 1884",5.164
"Dec 1884",3.028
"Jan 1885",1.003
"Feb 1885",2.243
"Mar 1885",4.622
"Apr 1885",7.336
"May 1885",10.567
"Jun 1885",12.716
"Jul 1885",13.972
"Aug 1885",13.351
"Sep 1885",11.435
"Oct 1885",8.722
"Nov 1885",5.425
"Dec 1885",3.644
"Jan 1886",1.436
"Feb 1886",1.793
"Mar 1886",4.262
"Apr 1886",7.909
"May 1886",10.784
"Jun 1886",12.789
"Jul 1886",14.226
"Aug 1886",13.323
"Sep 1886",11.6
"Oct 1886",8.604
"Nov 1886",5.226
"Dec 1886",3.502
"Jan 1887",0.824
"Feb 1887",2.054
"Mar 1887",4.552
"Apr 1887",7.789
"May 1887",10.84
"Jun 1887",12.89
"Jul 1887",14.021
"Aug 1887",13.097
"Sep 1887",11.707
"Oct 1887",8.738
"Nov 1887",5.592
"Dec 1887",2.875
"Jan 1888",1.708
"Feb 1888",2.039
"Mar 1888",4.3
"Apr 1888",7.845
"May 1888",10.62
"Jun 1888",12.921
"Jul 1888",14.242
"Aug 1888",13.511
"Sep 1888",11.685
"Oct 1888",9.201
"Nov 1888",5.792
"Dec 1888",3.222
"Jan 1889",1.762
"Feb 1889",3.409
"Mar 1889",5.299
"Apr 1889",8.589
"May 1889",11.242
"Jun 1889",13.288
"Jul 1889",14.225
"Aug 1889",13.504
"Sep 1889",11.547
"Oct 1889",8.865
"Nov 1889",4.999
"Dec 1889",3.099
"Jan 1890",1.836
"Feb 1890",2.516
"Mar 1890",4.21
"Apr 1890",7.739
"May 1890",10.464
"Jun 1890",12.872
"Jul 1890",14.034
"Aug 1890",13.266
"Sep 1890",11.546
"Oct 1890",9.178
"Nov 1890",5.03
"Dec 1890",2.969
"Jan 1891",1.678
"Feb 1891",1.88
"Mar 1891",4.755
"Apr 1891",7.618
"May 1891",10.785
"Jun 1891",12.888
"Jul 1891",13.93
"Aug 1891",13.496
"Sep 1891",11.763
"Oct 1891",8.722
"Nov 1891",5.115
"Dec 1891",3.602
"Jan 1892",2.018
"Feb 1892",2.805
"Mar 1892",4.362
"Apr 1892",7.562
"May 1892",10.622
"Jun 1892",13.263
"Jul 1892",13.89
"Aug 1892",13.42
"Sep 1892",11.764
"Oct 1892",9.29
"Nov 1892",4.859
"Dec 1892",2.935
"Jan 1893",0.5
"Feb 1893",1.654
"Mar 1893",4.979
"Apr 1893",7.994
"May 1893",10.747
"Jun 1893",13.051
"Jul 1893",14.318
"Aug 1893",13.454
"Sep 1893",11.767
"Oct 1893",9.16
"Nov 1893",5.902
"Dec 1893",3.155
"Jan 1894",1.691
"Feb 1894",2.923
"Mar 1894",5.118
"Apr 1894",7.663
"May 1894",10.944
"Jun 1894",12.858
"Jul 1894",14.004
"Aug 1894",13.488
"Sep 1894",11.58
"Oct 1894",9.125
"Nov 1894",5.405
"Dec 1894",3.133
"Jan 1895",1.295
"Feb 1895",2
"Mar 1895",4.689
"Apr 1895",8.247
"May 1895",10.867
"Jun 1895",13.058
"Jul 1895",14.053
"Aug 1895",13.489
"Sep 1895",11.743
"Oct 1895",9.117
"Nov 1895",5.744
"Dec 1895",3.462
"Jan 1896",2.291
"Feb 1896",2.707
"Mar 1896",4.279
"Apr 1896",7.33
"May 1896",10.893
"Jun 1896",13.304
"Jul 1896",14.233
"Aug 1896",13.624
"Sep 1896",11.824
"Oct 1896",9.416
"Nov 1896",5.366
"Dec 1896",3.312
"Jan 1897",1.893
"Feb 1897",2.429
"Mar 1897",4.345
"Apr 1897",8.278
"May 1897",11.377
"Jun 1897",13.319
"Jul 1897",14.31
"Aug 1897",13.668
"Sep 1897",11.925
"Oct 1897",9.197
"Nov 1897",5.608
"Dec 1897",3.171
"Jan 1898",2.737
"Feb 1898",2.354
"Mar 1898",3.751
"Apr 1898",7.907
"May 1898",10.835
"Jun 1898",13.395
"Jul 1898",14.138
"Aug 1898",13.579
"Sep 1898",11.753
"Oct 1898",8.828
"Nov 1898",5.452
"Dec 1898",3.407
"Jan 1899",2.515
"Feb 1899",2.38
"Mar 1899",4.618
"Apr 1899",8.281
"May 1899",11.023
"Jun 1899",12.856
"Jul 1899",14.159
"Aug 1899",13.777
"Sep 1899",12.128
"Oct 1899",9.409
"Nov 1899",6.605
"Dec 1899",3.005
"Jan 1900",1.461
"Feb 1900",3.098
"Mar 1900",5.492
"Apr 1900",8.223
"May 1900",11.385
"Jun 1900",13.293
"Jul 1900",14.171
"Aug 1900",13.816
"Sep 1900",11.955
"Oct 1900",9.666
"Nov 1900",5.804
"Dec 1900",3.655
"Jan 1901",2.191
"Feb 1901",3.092
"Mar 1901",5.671
"Apr 1901",8.522
"May 1901",11.178
"Jun 1901",13.423
"Jul 1901",14.339
"Aug 1901",13.789
"Sep 1901",11.984
"Oct 1901",9.003
"Nov 1901",5.976
"Dec 1901",3.335
"Jan 1902",2.684
"Feb 1902",3.606
"Mar 1902",4.883
"Apr 1902",7.956
"May 1902",10.893
"Jun 1902",13.214
"Jul 1902",14.231
"Aug 1902",13.599
"Sep 1902",11.799
"Oct 1902",8.801
"Nov 1902",5.274
"Dec 1902",2.713
"Jan 1903",2.514
"Feb 1903",3.555
"Mar 1903",4.93
"Apr 1903",7.832
"May 1903",10.794
"Jun 1903",12.886
"Jul 1903",13.992
"Aug 1903",13.412
"Sep 1903",11.501
"Oct 1903",8.812
"Nov 1903",5.516
"Dec 1903",2.898
"Jan 1904",1.637
"Feb 1904",2.297
"Mar 1904",4.506
"Apr 1904",7.684
"May 1904",10.84
"Jun 1904",13.014
"Jul 1904",13.836
"Aug 1904",13.459
"Sep 1904",11.381
"Oct 1904",8.833
"Nov 1904",6.23
"Dec 1904",3.374
"Jan 1905",2.254
"Feb 1905",1.927
"Mar 1905",4.635
"Apr 1905",7.755
"May 1905",10.982
"Jun 1905",13.112
"Jul 1905",14.077
"Aug 1905",13.578
"Sep 1905",11.804
"Oct 1905",9.041
"Nov 1905",6.183
"Dec 1905",3.354
"Jan 1906",2.068
"Feb 1906",2.301
"Mar 1906",4.866
"Apr 1906",8.626
"May 1906",11.24
"Jun 1906",13.334
"Jul 1906",14.122
"Aug 1906",13.691
"Sep 1906",11.772
"Oct 1906",9.267
"Nov 1906",5.501
"Dec 1906",3.761
"Jan 1907",1.798
"Feb 1907",2.117
"Mar 1907",4.575
"Apr 1907",7.579
"May 1907",10.375
"Jun 1907",12.729
"Jul 1907",13.769
"Aug 1907",13.362
"Sep 1907",11.665
"Oct 1907",9.234
"Nov 1907",5.207
"Dec 1907",2.956
"Jan 1908",2.304
"Feb 1908",2.769
"Mar 1908",4.136
"Apr 1908",7.832
"May 1908",11.141
"Jun 1908",13.293
"Jul 1908",14.197
"Aug 1908",13.376
"Sep 1908",11.977
"Oct 1908",8.865
"Nov 1908",5.272
"Dec 1908",3.071
"Jan 1909",1.395
"Feb 1909",2.706
"Mar 1909",4.589
"Apr 1909",7.534
"May 1909",10.611
"Jun 1909",12.962
"Jul 1909",14.06
"Aug 1909",13.752
"Sep 1909",11.879
"Oct 1909",9.192
"Nov 1909",6.236
"Dec 1909",3.223
"Jan 1910",2.333
"Feb 1910",2.779
"Mar 1910",4.606
"Apr 1910",8.105
"May 1910",11.005
"Jun 1910",13.151
"Jul 1910",14.279
"Aug 1910",13.677
"Sep 1910",11.733
"Oct 1910",9.006
"Nov 1910",5.318
"Dec 1910",2.684
"Jan 1911",1.66
"Feb 1911",2.453
"Mar 1911",4.347
"Apr 1911",7.99
"May 1911",10.829
"Jun 1911",13.009
"Jul 1911",14.082
"Aug 1911",13.499
"Sep 1911",11.638
"Oct 1911",9.263
"Nov 1911",5.964
"Dec 1911",3.39
"Jan 1912",2.402
"Feb 1912",3.354
"Mar 1912",4.356
"Apr 1912",8.229
"May 1912",11.254
"Jun 1912",13.435
"Jul 1912",13.723
"Aug 1912",13.053
"Sep 1912",11.222
"Oct 1912",8.367
"Nov 1912",5.521
"Dec 1912",3.069
"Jan 1913",2.083
"Feb 1913",2.376
"Mar 1913",4.517
"Apr 1913",8.023
"May 1913",10.745
"Jun 1913",13.005
"Jul 1913",14.137
"Aug 1913",13.724
"Sep 1913",11.759
"Oct 1913",9.077
"Nov 1913",6.024
"Dec 1913",4.103
"Jan 1914",3.376
"Feb 1914",3.2
"Mar 1914",4.942
"Apr 1914",8.098
"May 1914",11.285
"Jun 1914",13.496
"Jul 1914",14.298
"Aug 1914",13.73
"Sep 1914",11.915
"Oct 1914",9.387
"Nov 1914",5.759
"Dec 1914",3.6
"Jan 1915",2.299
"Feb 1915",3.265
"Mar 1915",5.143
"Apr 1915",8.705
"May 1915",11.493
"Jun 1915",13.3
"Jul 1915",14.443
"Aug 1915",13.77
"Sep 1915",11.867
"Oct 1915",8.984
"Nov 1915",6.216
"Dec 1915",3.633
"Jan 1916",2.616
"Feb 1916",2.957
"Mar 1916",4.846
"Apr 1916",8.047
"May 1916",10.972
"Jun 1916",12.942
"Jul 1916",14.052
"Aug 1916",13.58
"Sep 1916",11.726
"Oct 1916",9.053
"Nov 1916",5.596
"Dec 1916",2.316
"Jan 1917",2.133
"Feb 1917",2.36
"Mar 1917",4.488
"Apr 1917",7.855
"May 1917",10.443
"Jun 1917",12.915
"Jul 1917",14.259
"Aug 1917",13.471
"Sep 1917",11.745
"Oct 1917",8.544
"Nov 1917",5.82
"Dec 1917",2.247
"Jan 1918",1.934
"Feb 1918",2.455
"Mar 1918",4.811
"Apr 1918",7.644
"May 1918",10.54
"Jun 1918",12.908
"Jul 1918",14.002
"Aug 1918",13.431
"Sep 1918",11.881
"Oct 1918",9.433
"Nov 1918",5.683
"Dec 1918",2.848
"Jan 1919",2.184
"Feb 1919",2.852
"Mar 1919",4.743
"Apr 1919",8.487
"May 1919",10.969
"Jun 1919",13.228
"Jul 1919",14.274
"Aug 1919",13.786
"Sep 1919",11.99
"Oct 1919",9.361
"Nov 1919",5.489
"Dec 1919",3.224
"Jan 1920",2.841
"Feb 1920",2.755
"Mar 1920",5.227
"Apr 1920",8.293
"May 1920",11.131
"Jun 1920",13.105
"Jul 1920",14.245
"Aug 1920",13.698
"Sep 1920",11.794
"Oct 1920",9.021
"Nov 1920",5.566
"Dec 1920",2.629
"Jan 1921",2.98
"Feb 1921",3.125
"Mar 1921",5.081
"Apr 1921",8.324
"May 1921",11.245
"Jun 1921",13.44
"Jul 1921",14.436
"Aug 1921",13.561
"Sep 1921",11.869
"Oct 1921",9.264
"Nov 1921",5.864
"Dec 1921",3.663
"Jan 1922",2.15
"Feb 1922",2.376
"Mar 1922",5.156
"Apr 1922",8.38
"May 1922",11.097
"Jun 1922",13.331
"Jul 1922",14.278
"Aug 1922",13.584
"Sep 1922",11.775
"Oct 1922",9.056
"Nov 1922",6.046
"Dec 1922",3.667
"Jan 1923",2.487
"Feb 1923",2.563
"Mar 1923",4.866
"Apr 1923",7.749
"May 1923",10.849
"Jun 1923",13.296
"Jul 1923",13.984
"Aug 1923",13.611
"Sep 1923",11.883
"Oct 1923",9.52
"Nov 1923",6.378
"Dec 1923",3.88
"Jan 1924",2.339
"Feb 1924",2.888
"Mar 1924",5.352
"Apr 1924",7.97
"May 1924",11.188
"Jun 1924",13.342
"Jul 1924",14.304
"Aug 1924",13.654
"Sep 1924",11.957
"Oct 1924",9.203
"Nov 1924",6.4
"Dec 1924",3.485
"Jan 1925",2.268
"Feb 1925",2.701
"Mar 1925",5.126
"Apr 1925",8.442
"May 1925",11.039
"Jun 1925",13.089
"Jul 1925",14.066
"Aug 1925",13.769
"Sep 1925",11.979
"Oct 1925",9.196
"Nov 1925",6.34
"Dec 1925",4.398
"Jan 1926",3.453
"Feb 1926",3.717
"Mar 1926",5.831
"Apr 1926",8.193
"May 1926",10.931
"Jun 1926",13.285
"Jul 1926",14.168
"Aug 1926",13.877
"Sep 1926",12.075
"Oct 1926",9.55
"Nov 1926",6.3
"Dec 1926",3.366
"Jan 1927",2.372
"Feb 1927",3.039
"Mar 1927",4.668
"Apr 1927",8.035
"May 1927",11.104
"Jun 1927",13.272
"Jul 1927",14.323
"Aug 1927",13.698
"Sep 1927",12.254
"Oct 1927",9.887
"Nov 1927",6.346
"Dec 1927",3.267
"Jan 1928",3.046
"Feb 1928",3.333
"Mar 1928",4.959
"Apr 1928",8.244
"May 1928",11.169
"Jun 1928",13.113
"Jul 1928",14.31
"Aug 1928",13.687
"Sep 1928",12.03
"Oct 1928",9.486
"Nov 1928",6.336
"Dec 1928",3.873
"Jan 1929",2.054
"Feb 1929",2.172
"Mar 1929",5.099
"Apr 1929",8.094
"May 1929",10.915
"Jun 1929",12.928
"Jul 1929",13.957
"Aug 1929",13.68
"Sep 1929",11.807
"Oct 1929",9.46
"Nov 1929",6.172
"Dec 1929",2.571
"Jan 1930",2.401
"Feb 1930",3.152
"Mar 1930",5.483
"Apr 1930",8.182
"May 1930",11.105
"Jun 1930",13.347
"Jul 1930",14.465
"Aug 1930",13.928
"Sep 1930",11.874
"Oct 1930",9.261
"Nov 1930",6.574
"Dec 1930",3.831
"Jan 1931",2.761
"Feb 1931",2.708
"Mar 1931",5.22
"Apr 1931",8.163
"May 1931",11.02
"Jun 1931",13.573
"Jul 1931",14.576
"Aug 1931",14.12
"Sep 1931",12.283
"Oct 1931",9.937
"Nov 1931",6.243
"Dec 1931",4.027
"Jan 1932",3.604
"Feb 1932",2.989
"Mar 1932",4.94
"Apr 1932",8.769
"May 1932",11.239
"Jun 1932",13.383
"Jul 1932",14.372
"Aug 1932",13.74
"Sep 1932",12.31
"Oct 1932",9.682
"Nov 1932",5.908
"Dec 1932",3.527
"Jan 1933",2.169
"Feb 1933",2.657
"Mar 1933",4.869
"Apr 1933",8.125
"May 1933",11.047
"Jun 1933",13.11
"Jul 1933",14.236
"Aug 1933",13.76
"Sep 1933",11.854
"Oct 1933",9.238
"Nov 1933",5.89
"Dec 1933",3.104
"Jan 1934",2.476
"Feb 1934",3.699
"Mar 1934",4.818
"Apr 1934",8.016
"May 1934",11.478
"Jun 1934",13.402
"Jul 1934",14.343
"Aug 1934",13.778
"Sep 1934",11.727
"Oct 1934",9.421
"Nov 1934",6.397
"Dec 1934",3.985
"Jan 1935",2.175
"Feb 1935",4.125
"Mar 1935",5.399
"Apr 1935",7.771
"May 1935",10.906
"Jun 1935",13.326
"Jul 1935",14.331
"Aug 1935",13.775
"Sep 1935",11.999
"Oct 1935",9.516
"Nov 1935",5.443
"Dec 1935",3.423
"Jan 1936",2.249
"Feb 1936",2.506
"Mar 1936",5.031
"Apr 1936",8.127
"May 1936",11.251
"Jun 1936",13.363
"Jul 1936",14.629
"Aug 1936",13.86
"Sep 1936",12.021
"Oct 1936",9.457
"Nov 1936",6.233
"Dec 1936",3.921
"Jan 1937",2.453
"Feb 1937",3.553
"Mar 1937",4.851
"Apr 1937",8.14
"May 1937",11.422
"Jun 1937",13.603
"Jul 1937",14.375
"Aug 1937",14.007
"Sep 1937",12.413
"Oct 1937",9.729
"Nov 1937",6.356
"Dec 1937",3.478
"Jan 1938",2.91
"Feb 1938",3.417
"Mar 1938",5.651
"Apr 1938",8.913
"May 1938",11.456
"Jun 1938",13.321
"Jul 1938",14.482
"Aug 1938",13.963
"Sep 1938",12.427
"Oct 1938",9.784
"Nov 1938",6.53
"Dec 1938",3.51
"Jan 1939",2.932
"Feb 1939",3.232
"Mar 1939",4.926
"Apr 1939",8.328
"May 1939",11.524
"Jun 1939",13.531
"Jul 1939",14.395
"Aug 1939",13.932
"Sep 1939",11.958
"Oct 1939",9.218
"Nov 1939",6.189
"Dec 1939",4.959
"Jan 1940",2.335
"Feb 1940",3.423
"Mar 1940",5.424
"Apr 1940",8.756
"May 1940",11.338
"Jun 1940",13.583
"Jul 1940",14.571
"Aug 1940",13.811
"Sep 1940",12.268
"Oct 1940",9.457
"Nov 1940",6.076
"Dec 1940",4.134
"Jan 1941",2.735
"Feb 1941",3.67
"Mar 1941",5.213
"Apr 1941",8.575
"May 1941",11.493
"Jun 1941",13.63
"Jul 1941",14.694
"Aug 1941",14.028
"Sep 1941",11.816
"Oct 1941",9.71
"Nov 1941",5.953
"Dec 1941",3.707
"Jan 1942",3.103
"Feb 1942",2.857
"Mar 1942",5.308
"Apr 1942",8.416
"May 1942",11.338
"Jun 1942",13.578
"Jul 1942",14.242
"Aug 1942",13.786
"Sep 1942",12.146
"Oct 1942",9.627
"Nov 1942",6.395
"Dec 1942",3.945
"Jan 1943",2.396
"Feb 1943",3.513
"Mar 1943",5.138
"Apr 1943",8.638
"May 1943",11.485
"Jun 1943",13.161
"Jul 1943",14.46
"Aug 1943",13.774
"Sep 1943",12.096
"Oct 1943",9.907
"Nov 1943",6.26
"Dec 1943",4.233
"Jan 1944",3.504
"Feb 1944",3.591
"Mar 1944",5.531
"Apr 1944",8.434
"May 1944",11.334
"Jun 1944",13.478
"Jul 1944",14.468
"Aug 1944",14.017
"Sep 1944",12.45
"Oct 1944",9.808
"Nov 1944",6.091
"Dec 1944",3.434
"Jan 1945",2.525
"Feb 1945",2.646
"Mar 1945",5.184
"Apr 1945",8.681
"May 1945",11.097
"Jun 1945",13.328
"Jul 1945",14.213
"Aug 1945",14.313
"Sep 1945",12.225
"Oct 1945",9.575
"Nov 1945",6.073
"Dec 1945",3.158
"Jan 1946",2.979
"Feb 1946",3.461
"Mar 1946",5.236
"Apr 1946",8.837
"May 1946",11.355
"Jun 1946",13.298
"Jul 1946",14.409
"Aug 1946",13.834
"Sep 1946",12.064
"Oct 1946",9.281
"Nov 1946",6.235
"Dec 1946",3.134
"Jan 1947",2.597
"Feb 1947",3.277
"Mar 1947",5.801
"Apr 1947",8.686
"May 1947",11.329
"Jun 1947",13.459
"Jul 1947",14.349
"Aug 1947",13.827
"Sep 1947",12.166
"Oct 1947",10.011
"Nov 1947",6.407
"Dec 1947",3.656
"Jan 1948",3.366
"Feb 1948",3.22
"Mar 1948",4.919
"Apr 1948",8.499
"May 1948",11.537
"Jun 1948",13.664
"Jul 1948",14.445
"Aug 1948",13.896
"Sep 1948",12.155
"Oct 1948",9.584
"Nov 1948",6.185
"Dec 1948",3.491
"Jan 1949",3.219
"Feb 1949",2.759
"Mar 1949",5.077
"Apr 1949",8.344
"May 1949",11.309
"Jun 1949",13.223
"Jul 1949",14.199
"Aug 1949",13.826
"Sep 1949",11.957
"Oct 1949",9.531
"Nov 1949",6.148
"Dec 1949",3.449
"Jan 1950",2.008
"Feb 1950",2.721
"Mar 1950",5.247
"Apr 1950",8.123
"May 1950",11.297
"Jun 1950",13.382
"Jul 1950",14.14
"Aug 1950",13.46
"Sep 1950",11.952
"Oct 1950",9.153
"Nov 1950",5.372
"Dec 1950",3.528
"Jan 1951",2.138
"Feb 1951",2.332
"Mar 1951",5.091
"Apr 1951",8.367
"May 1951",11.438
"Jun 1951",13.25
"Jul 1951",14.324
"Aug 1951",14.021
"Sep 1951",12.324
"Oct 1951",9.67
"Nov 1951",6.225
"Dec 1951",4.328
"Jan 1952",3.049
"Feb 1952",3.396
"Mar 1952",4.967
"Apr 1952",8.461
"May 1952",11.352
"Jun 1952",13.442
"Jul 1952",14.549
"Aug 1952",13.964
"Sep 1952",12.238
"Oct 1952",9.157
"Nov 1952",5.425
"Dec 1952",3.659
"Jan 1953",2.964
"Feb 1953",3.629
"Mar 1953",5.712
"Apr 1953",8.892
"May 1953",11.514
"Jun 1953",13.612
"Jul 1953",14.392
"Aug 1953",14.059
"Sep 1953",12.199
"Oct 1953",9.59
"Nov 1953",5.924
"Dec 1953",3.998
"Jan 1954",2.059
"Feb 1954",3.084
"Mar 1954",5.148
"Apr 1954",8.158
"May 1954",10.988
"Jun 1954",13.4
"Jul 1954",14.241
"Aug 1954",13.868
"Sep 1954",12.098
"Oct 1954",9.546
"Nov 1954",6.579
"Dec 1954",3.559
"Jan 1955",3.412
"Feb 1955",3.137
"Mar 1955",4.585
"Apr 1955",8.136
"May 1955",11.192
"Jun 1955",13.56
"Jul 1955",14.242
"Aug 1955",14.283
"Sep 1955",11.954
"Oct 1955",9.735
"Nov 1955",5.973
"Dec 1955",3.306
"Jan 1956",2.466
"Feb 1956",2.781
"Mar 1956",4.889
"Apr 1956",7.922
"May 1956",10.721
"Jun 1956",13.16
"Jul 1956",14.18
"Aug 1956",13.189
"Sep 1956",11.783
"Oct 1956",8.928
"Nov 1956",5.738
"Dec 1956",3.598
"Jan 1957",2.488
"Feb 1957",3.12
"Mar 1957",5.036
"Apr 1957",8.366
"May 1957",11.259
"Jun 1957",13.783
"Jul 1957",14.129
"Aug 1957",14.082
"Sep 1957",12.312
"Oct 1957",9.496
"Nov 1957",6.391
"Dec 1957",4.328
"Jan 1958",3.574
"Feb 1958",3.695
"Mar 1958",5.453
"Apr 1958",8.52
"May 1958",11.519
"Jun 1958",13.187
"Jul 1958",14.438
"Aug 1958",13.597
"Sep 1958",11.845
"Oct 1958",9.375
"Nov 1958",6.26
"Dec 1958",3.822
"Jan 1959",2.959
"Feb 1959",3.33
"Mar 1959",5.854
"Apr 1959",8.819
"May 1959",11.323
"Jun 1959",13.577
"Jul 1959",14.449
"Aug 1959",13.853
"Sep 1959",11.946
"Oct 1959",9.16
"Nov 1959",5.752
"Dec 1959",3.77
"Jan 1960",2.713
"Feb 1960",3.798
"Mar 1960",4.303
"Apr 1960",8.133
"May 1960",10.872
"Jun 1960",13.484
"Jul 1960",14.198
"Aug 1960",13.825
"Sep 1960",12.095
"Oct 1960",9.497
"Nov 1960",5.828
"Dec 1960",4.259
"Jan 1961",2.926
"Feb 1961",3.683
"Mar 1961",5.589
"Apr 1961",8.631
"May 1961",11.624
"Jun 1961",13.702
"Jul 1961",14.288
"Aug 1961",13.849
"Sep 1961",12.247
"Oct 1961",9.328
"Nov 1961",6.205
"Dec 1961",3.5
"Jan 1962",3.003
"Feb 1962",3.696
"Mar 1962",5.53
"Apr 1962",8.54
"May 1962",11.128
"Jun 1962",13.427
"Jul 1962",14.205
"Aug 1962",13.713
"Sep 1962",12.018
"Oct 1962",9.468
"Nov 1962",6.283
"Dec 1962",3.94
"Jan 1963",2.901
"Feb 1963",4.02
"Mar 1963",5.097
"Apr 1963",8.173
"May 1963",11.045
"Jun 1963",13.412
"Jul 1963",14.506
"Aug 1963",14.309
"Sep 1963",12.555
"Oct 1963",9.943
"Nov 1963",6.561
"Dec 1963",3.75
"Jan 1964",2.881
"Feb 1964",3.028
"Mar 1964",4.865
"Apr 1964",7.922
"May 1964",10.905
"Jun 1964",13.459
"Jul 1964",14.301
"Aug 1964",13.678
"Sep 1964",11.604
"Oct 1964",8.832
"Nov 1964",5.983
"Dec 1964",3.458
"Jan 1965",2.862
"Feb 1965",3.036
"Mar 1965",5.182
"Apr 1965",7.99
"May 1965",11.222
"Jun 1965",13.308
"Jul 1965",14.078
"Aug 1965",13.807
"Sep 1965",11.73
"Oct 1965",9.488
"Nov 1965",5.86
"Dec 1965",3.766
"Jan 1966",2.49
"Feb 1966",3.29
"Mar 1966",5.527
"Apr 1966",8.161
"May 1966",11.2
"Jun 1966",13.587
"Jul 1966",14.569
"Aug 1966",13.731
"Sep 1966",12.133
"Oct 1966",9.153
"Nov 1966",5.969
"Dec 1966",3.382
"Jan 1967",2.71
"Feb 1967",2.905
"Mar 1967",5.396
"Apr 1967",8.458
"May 1967",11.632
"Jun 1967",13.194
"Jul 1967",14.331
"Aug 1967",13.821
"Sep 1967",12.054
"Oct 1967",9.809
"Nov 1967",6.176
"Dec 1967",3.915
"Jan 1968",2.353
"Feb 1968",3.245
"Mar 1968",6.117
"Apr 1968",8.455
"May 1968",11.068
"Jun 1968",13.204
"Jul 1968",14.026
"Aug 1968",13.524
"Sep 1968",11.62
"Oct 1968",9.453
"Nov 1968",5.891
"Dec 1968",3.24
"Jan 1969",1.966
"Feb 1969",2.45
"Mar 1969",5.131
"Apr 1969",8.576
"May 1969",11.354
"Jun 1969",13.475
"Jul 1969",14.218
"Aug 1969",13.804
"Sep 1969",12.048
"Oct 1969",9.489
"Nov 1969",6.42
"Dec 1969",4.21
"Jan 1970",2.836
"Feb 1970",3.735
"Mar 1970",5.272
"Apr 1970",8.603
"May 1970",11.206
"Jun 1970",13.513
"Jul 1970",14.395
"Aug 1970",13.658
"Sep 1970",12.277
"Oct 1970",9.348
"Nov 1970",6.047
"Dec 1970",3.521
"Jan 1971",2.967
"Feb 1971",2.867
"Mar 1971",5.001
"Apr 1971",8.339
"May 1971",11.211
"Jun 1971",13.099
"Jul 1971",14.139
"Aug 1971",13.879
"Sep 1971",12.139
"Oct 1971",9.388
"Nov 1971",6.295
"Dec 1971",3.867
"Jan 1972",1.882
"Feb 1972",2.609
"Mar 1972",5.287
"Apr 1972",8.337
"May 1972",11.155
"Jun 1972",13.501
"Jul 1972",14.231
"Aug 1972",14.171
"Sep 1972",11.901
"Oct 1972",9.346
"Nov 1972",5.797
"Dec 1972",3.778
"Jan 1973",3.038
"Feb 1973",3.898
"Mar 1973",5.82
"Apr 1973",8.938
"May 1973",11.769
"Jun 1973",13.824
"Jul 1973",14.435
"Aug 1973",13.869
"Sep 1973",12.125
"Oct 1973",9.609
"Nov 1973",6.222
"Dec 1973",3.832
"Jan 1974",2.261
"Feb 1974",2.582
"Mar 1974",5.19
"Apr 1974",8.386
"May 1974",11.198
"Jun 1974",13.382
"Jul 1974",14.288
"Aug 1974",14.016
"Sep 1974",11.744
"Oct 1974",9.098
"Nov 1974",5.915
"Dec 1974",3.55
"Jan 1975",3.059
"Feb 1975",3.395
"Mar 1975",5.706
"Apr 1975",8.584
"May 1975",11.742
"Jun 1975",13.557
"Jul 1975",14.351
"Aug 1975",13.514
"Sep 1975",12.152
"Oct 1975",9.318
"Nov 1975",5.893
"Dec 1975",3.667
"Jan 1976",2.884
"Feb 1976",3.031
"Mar 1976",4.517
"Apr 1976",8.294
"May 1976",10.942
"Jun 1976",13.086
"Jul 1976",14.155
"Aug 1976",13.511
"Sep 1976",11.895
"Oct 1976",8.511
"Nov 1976",5.66
"Dec 1976",3.681
"Jan 1977",2.492
"Feb 1977",3.471
"Mar 1977",5.702
"Apr 1977",8.85
"May 1977",11.78
"Jun 1977",13.876
"Jul 1977",14.631
"Aug 1977",14.09
"Sep 1977",11.862
"Oct 1977",9.156
"Nov 1977",6.544
"Dec 1977",3.749
"Jan 1978",2.705
"Feb 1978",3.456
"Mar 1978",5.607
"Apr 1978",8.791
"May 1978",11.414
"Jun 1978",13.22
"Jul 1978",14.364
"Aug 1978",13.297
"Sep 1978",12.03
"Oct 1978",9.339
"Nov 1978",6.35
"Dec 1978",3.74
"Jan 1979",2.679
"Feb 1979",2.841
"Mar 1979",5.474
"Apr 1979",8.455
"May 1979",11.199
"Jun 1979",13.487
"Jul 1979",14.114
"Aug 1979",13.833
"Sep 1979",12.247
"Oct 1979",9.586
"Nov 1979",6.286
"Dec 1979",4.6
"Jan 1980",2.956
"Feb 1980",3.652
"Mar 1980",5.367
"Apr 1980",8.935
"May 1980",11.77
"Jun 1980",13.582
"Jul 1980",14.742
"Aug 1980",14.189
"Sep 1980",12.321
"Oct 1980",9.55
"Nov 1980",6.684
"Dec 1980",4.016
"Jan 1981",3.785
"Feb 1981",4.021
"Mar 1981",6.239
"Apr 1981",8.953
"May 1981",11.565
"Jun 1981",13.765
"Jul 1981",14.738
"Aug 1981",14.502
"Sep 1981",12.236
"Oct 1981",9.394
"Nov 1981",6.273
"Dec 1981",4.519
"Jan 1982",2.558
"Feb 1982",3.281
"Mar 1982",4.873
"Apr 1982",8.465
"May 1982",11.348
"Jun 1982",13.245
"Jul 1982",14.545
"Aug 1982",13.796
"Sep 1982",12.039
"Oct 1982",9.232
"Nov 1982",5.961
"Dec 1982",4.327
"Jan 1983",3.445
"Feb 1983",3.814
"Mar 1983",5.699
"Apr 1983",8.693
"May 1983",11.729
"Jun 1983",13.478
"Jul 1983",14.408
"Aug 1983",14.302
"Sep 1983",12.698
"Oct 1983",9.478
"Nov 1983",6.765
"Dec 1983",3.829
"Jan 1984",2.941
"Feb 1984",3.093
"Mar 1984",5.671
"Apr 1984",8.432
"May 1984",11.976
"Jun 1984",13.387
"Jul 1984",14.429
"Aug 1984",13.984
"Sep 1984",12.015
"Oct 1984",9.378
"Nov 1984",5.811
"Dec 1984",3.185
"Jan 1985",3.01
"Feb 1985",2.704
"Mar 1985",5.451
"Apr 1985",8.633
"May 1985",11.426
"Jun 1985",13.569
"Jul 1985",13.973
"Aug 1985",14.059
"Sep 1985",11.98
"Oct 1985",9.338
"Nov 1985",5.968
"Dec 1985",3.785
"Jan 1986",3.315
"Feb 1986",3.991
"Mar 1986",5.755
"Apr 1986",8.871
"May 1986",11.581
"Jun 1986",13.439
"Jul 1986",14.293
"Aug 1986",13.972
"Sep 1986",11.817
"Oct 1986",9.299
"Nov 1986",5.919
"Dec 1986",3.751
"Jan 1987",3.139
"Feb 1987",4.134
"Mar 1987",5.245
"Apr 1987",8.595
"May 1987",11.525
"Jun 1987",13.927
"Jul 1987",14.89
"Aug 1987",13.896
"Sep 1987",12.447
"Oct 1987",9.59
"Nov 1987",6.056
"Dec 1987",4.489
"Jan 1988",3.454
"Feb 1988",3.422
"Mar 1988",5.931
"Apr 1988",8.992
"May 1988",11.852
"Jun 1988",14.099
"Jul 1988",14.798
"Aug 1988",14.553
"Sep 1988",12.681
"Oct 1988",9.979
"Nov 1988",6.295
"Dec 1988",4.363
"Jan 1989",2.71
"Feb 1989",3.627
"Mar 1989",5.792
"Apr 1989",8.689
"May 1989",11.28
"Jun 1989",13.447
"Jul 1989",14.612
"Aug 1989",14.135
"Sep 1989",12.403
"Oct 1989",9.76
"Nov 1989",6.179
"Dec 1989",4.43
"Jan 1990",3.243
"Feb 1990",3.643
"Mar 1990",6.73
"Apr 1990",9.169
"May 1990",11.831
"Jun 1990",13.893
"Jul 1990",14.784
"Aug 1990",14.095
"Sep 1990",12.195
"Oct 1990",9.882
"Nov 1990",6.92
"Dec 1990",4.425
"Jan 1991",3.195
"Feb 1991",4.044
"Mar 1991",5.574
"Apr 1991",9.226
"May 1991",11.616
"Jun 1991",14.263
"Jul 1991",14.987
"Aug 1991",14.319
"Sep 1991",12.677
"Oct 1991",9.753
"Nov 1991",6.44
"Dec 1991",4.059
"Jan 1992",3.579
"Feb 1992",3.931
"Mar 1992",5.952
"Apr 1992",8.572
"May 1992",11.535
"Jun 1992",13.576
"Jul 1992",14.139
"Aug 1992",13.766
"Sep 1992",11.672
"Oct 1992",9.353
"Nov 1992",5.889
"Dec 1992",4.075
"Jan 1993",3.301
"Feb 1993",3.745
"Mar 1993",5.923
"Apr 1993",8.69
"May 1993",11.475
"Jun 1993",13.518
"Jul 1993",14.595
"Aug 1993",13.835
"Sep 1993",11.93
"Oct 1993",9.614
"Nov 1993",5.738
"Dec 1993",4.035
"Jan 1994",3.024
"Feb 1994",2.81
"Mar 1994",5.731
"Apr 1994",9.018
"May 1994",11.684
"Jun 1994",14.144
"Jul 1994",14.658
"Aug 1994",13.977
"Sep 1994",12.516
"Oct 1994",10.002
"Nov 1994",6.788
"Dec 1994",4.113
"Jan 1995",3.54
"Feb 1995",4.656
"Mar 1995",5.956
"Apr 1995",8.972
"May 1995",11.57
"Jun 1995",14.164
"Jul 1995",15.116
"Aug 1995",14.636
"Sep 1995",12.565
"Oct 1995",10.106
"Nov 1995",6.761
"Dec 1995",4.123
"Jan 1996",2.862
"Feb 1996",4.012
"Mar 1996",5.524
"Apr 1996",8.679
"May 1996",11.588
"Jun 1996",13.681
"Jul 1996",14.827
"Aug 1996",14.603
"Sep 1996",12.294
"Oct 1996",9.525
"Nov 1996",6.547
"Dec 1996",4.325
"Jan 1997",3.165
"Feb 1997",3.766
"Mar 1997",6.012
"Apr 1997",8.891
"May 1997",11.593
"Jun 1997",14.131
"Jul 1997",14.565
"Aug 1997",14.256
"Sep 1997",12.685
"Oct 1997",10.109
"Nov 1997",6.841
"Dec 1997",4.417
"Jan 1998",3.352
"Feb 1998",4.826
"Mar 1998",6.023
"Apr 1998",9.358
"May 1998",12.291
"Jun 1998",14.521
"Jul 1998",15.34
"Aug 1998",14.874
"Sep 1998",12.673
"Oct 1998",9.941
"Nov 1998",6.404
"Dec 1998",4.669
"Jan 1999",3.544
"Feb 1999",4.694
"Mar 1999",5.53
"Apr 1999",8.838
"May 1999",11.706
"Jun 1999",14.031
"Jul 1999",14.853
"Aug 1999",14.348
"Sep 1999",12.723
"Oct 1999",9.997
"Nov 1999",6.592
"Dec 1999",4.565
"Jan 2000",2.95
"Feb 2000",4.184
"Mar 2000",6.219
"Apr 2000",9.552
"May 2000",11.874
"Jun 2000",14.06
"Jul 2000",14.848
"Aug 2000",14.519
"Sep 2000",12.547
"Oct 2000",9.486
"Nov 2000",6.312
"Dec 2000",3.863
"Jan 2001",3.336
"Feb 2001",3.72
"Mar 2001",6.208
"Apr 2001",9.245
"May 2001",12.271
"Jun 2001",14.11
"Jul 2001",15.161
"Aug 2001",14.427
"Sep 2001",12.736
"Oct 2001",9.935
"Nov 2001",7.319
"Dec 2001",4.507
"Jan 2002",4.026
"Feb 2002",4.704
"Mar 2002",6.772
"Apr 2002",9.229
"May 2002",12.248
"Jun 2002",14.084
"Jul 2002",15.354
"Aug 2002",14.56
"Sep 2002",12.95
"Oct 2002",9.988
"Nov 2002",6.892
"Dec 2002",4.038
"Jan 2003",3.981
"Feb 2003",4.085
"Mar 2003",6.048
"Apr 2003",9.154
"May 2003",12.153
"Jun 2003",14.017
"Jul 2003",14.983
"Aug 2003",14.691
"Sep 2003",12.911
"Oct 2003",10.424
"Nov 2003",6.727
"Dec 2003",5.133
"Jan 2004",3.525
"Feb 2004",4.499
"Mar 2004",6.321
"Apr 2004",9.249
"May 2004",11.571
"Jun 2004",13.889
"Jul 2004",14.312
"Aug 2004",14.188
"Sep 2004",12.642
"Oct 2004",10.127
"Nov 2004",7.315
"Dec 2004",4.257
"Jan 2005",3.808
"Feb 2005",3.92
"Mar 2005",6.544
"Apr 2005",9.618
"May 2005",12.226
"Jun 2005",14.476
"Jul 2005",15.19
"Aug 2005",14.51
"Sep 2005",13.217
"Oct 2005",10.601
"Nov 2005",7.423
"Dec 2005",4.878
"Jan 2006",3.286
"Feb 2006",4.43
"Mar 2006",6.329
"Apr 2006",9.055
"May 2006",11.786
"Jun 2006",14.443
"Jul 2006",15.042
"Aug 2006",14.913
"Sep 2006",12.875
"Oct 2006",10.289
"Nov 2006",6.955
"Dec 2006",4.987
"Jan 2007",4.579
"Feb 2007",4.221
"Mar 2007",6.485
"Apr 2007",9.823
"May 2007",12.518
"Jun 2007",14.309
"Jul 2007",15.23
"Aug 2007",14.752
"Sep 2007",12.93
"Oct 2007",10.332
"Nov 2007",7.084
"Dec 2007",4.523
"Jan 2008",2.844
"Feb 2008",3.576
"Mar 2008",6.906
"Apr 2008",9.295
"May 2008",12.054
"Jun 2008",14.145
"Jul 2008",15.174
"Aug 2008",14.377
"Sep 2008",12.802
"Oct 2008",10.399
"Nov 2008",7.224
"Dec 2008",4.385
"Jan 2009",3.687
"Feb 2009",4.094
"Mar 2009",6.086
"Apr 2009",9.367
"May 2009",12.112
"Jun 2009",14.201
"Jul 2009",15.231
"Aug 2009",14.655
"Sep 2009",13.153
"Oct 2009",10.136
"Nov 2009",7.031
"Dec 2009",4.31
"Jan 2010",3.737
"Feb 2010",4.399
"Mar 2010",6.738
"Apr 2010",9.671
"May 2010",12.406
"Jun 2010",14.421
"Jul 2010",15.213
"Aug 2010",14.768
"Sep 2010",12.863
"Oct 2010",10.442
"Nov 2010",7.487
"Dec 2010",4.292
"Jan 2011",3.282
"Feb 2011",3.743
"Mar 2011",6.101
"Apr 2011",9.483
"May 2011",11.986
"Jun 2011",14.37
"Jul 2011",15.482
"Aug 2011",15.012
"Sep 2011",12.912
"Oct 2011",10.352
"Nov 2011",6.814
"Dec 2011",4.655
"Jan 2012",3.157
"Feb 2012",3.628
"Mar 2012",6.023
"Apr 2012",9.676
"May 2012",12.59
"Jun 2012",14.492
"Jul 2012",15.076
"Aug 2012",14.72
"Sep 2012",13.04
"Oct 2012",10.428
"Nov 2012",7.156
"Dec 2012",4.102
"Jan 2013",3.685
"Feb 2013",4.222
"Mar 2013",6.261
"Apr 2013",9.044
"May 2013",12.195
"Jun 2013",14.568
"Jul 2013",15.003
"Aug 2013",14.742
"Sep 2013",13.154
"Oct 2013",10.256
"Nov 2013",7.424
"Dec 2013",4.724
"Jan 2014",3.732
"Feb 2014",3.5
"Mar 2014",6.378
"Apr 2014",9.589
"May 2014",12.582
"Jun 2014",14.335
"Jul 2014",14.873
"Aug 2014",14.875
"Sep 2014",13.091
"Oct 2014",10.33
"Nov 2014",6.713
"Dec 2014",4.85
"Jan 2015",3.881
"Feb 2015",4.664
"Mar 2015",6.74
"Apr 2015",9.313
"May 2015",12.312
"Jun 2015",14.505
"Jul 2015",15.051
"Aug 2015",14.755
"Sep 2015",12.999
"Oct 2015",10.801
"Nov 2015",7.433
"Dec 2015",5.518
